<application>
  <component name="ExportableFileTemplateSettings">
    <internal_templates>
      <template name="Bash Script.sh" reformat="true" live-template-enabled="true" enabled="true" />
      <template name="C Header File.h" reformat="true" live-template-enabled="true" enabled="true" />
      <template name="C Source File.c" reformat="true" live-template-enabled="true" enabled="true" />
      <template name="C++ Class.cc" reformat="true" live-template-enabled="true" enabled="true" />
      <template name="C++ Class Header.h" reformat="true" live-template-enabled="true" enabled="true" />
      <template name="Python Script.py" reformat="true" live-template-enabled="true" enabled="true" />
    </internal_templates>
    <includes_templates>
      <template name="C File Header.h" reformat="true" live-template-enabled="true" enabled="true" />
    </includes_templates>
  </component>
</application>