<application>
  <component name="PluginSettings">
    <option name="searchEngines">
      <list>
        <SearchEngine>
          <option name="name" value="_Google" />
          <option name="url" value="https://www.google.com/search?q=#" />
          <option name="queryPlaceholder" value="#" />
        </SearchEngine>
        <SearchEngine>
          <option name="name" value="_Rust_Docs" />
          <option name="url" value="https://doc.rust-lang.org/std/index.html?search=#" />
          <option name="queryPlaceholder" value="#" />
        </SearchEngine>
        <SearchEngine>
          <option name="name" value="_Cpp_Reference" />
          <option name="url" value="http://en.cppreference.com/mwiki/index.php?search=#" />
          <option name="queryPlaceholder" value="#" />
        </SearchEngine>
        <SearchEngine>
          <option name="name" value="_Github" />
          <option name="url" value="https://github.com/search?q=#" />
          <option name="queryPlaceholder" value="#" />
        </SearchEngine>
        <SearchEngine>
          <option name="name" value="_Baidu" />
          <option name="url" value="https://www.baidu.com/s?wd=#" />
          <option name="queryPlaceholder" value="#" />
        </SearchEngine>
        <SearchEngine>
          <option name="name" value="C_Make" />
          <option name="url" value="https://cmake.org/cmake/help/latest/search.html?q=#" />
          <option name="queryPlaceholder" value="#" />
        </SearchEngine>
      </list>
    </option>
  </component>
</application>