<application>
  <component name="PathMacrosImpl">
    <macro name="CARGO_HOME" value="/home/alanding/software/lang-tools/cargo" />
    <macro name="JAVA_HOME" value="/opt/lang-tools/java/jdk" />
    <macro name="JRE_HOME" value="/opt/lang-tools/java/jdk/jre" />
    <macro name="KOTLIN_BUNDLED" value="/opt/ide-tools/idea-IC-191.6183.87/plugins/Kotlin/kotlinc" />
    <macro name="MAVEN_REPOSITORY" value="/mnt/fun+downloads/linux系统安装/systembackup/repo/m2/repository" />
    <macro name="OutputPath" value="/home/alanding/0_Dev/projects" />
  </component>
</application>