<application>
  <component name="PostfixTemplates">
    <template id="org.rust.ide.template.postfix.PrintlnPostfixTemplate#.println" key=".pd" provider="org.rust.ide.template.postfix.RsPostfixTemplateProvider" builtin="org.rust.ide.template.postfix.PrintlnPostfixTemplate#.println" />
    <template id="org.rust.ide.template.postfix.MatchPostfixTemplate#.match" key=".ma" provider="org.rust.ide.template.postfix.RsPostfixTemplateProvider" builtin="org.rust.ide.template.postfix.MatchPostfixTemplate#.match" />
    <template id="org.rust.ide.template.postfix.DerefPostfixTemplate#.deref" key=".ii" provider="org.rust.ide.template.postfix.RsPostfixTemplateProvider" builtin="org.rust.ide.template.postfix.DerefPostfixTemplate#.deref" />
    <template id="org.rust.ide.template.postfix.WhileExpressionPostfixTemplate#.while" key=".whi" provider="org.rust.ide.template.postfix.RsPostfixTemplateProvider" builtin="org.rust.ide.template.postfix.WhileExpressionPostfixTemplate#.while" />
    <template id="org.rust.ide.template.postfix.ElseExpressionPostfixTemplate#.else" key=".ifn" provider="org.rust.ide.template.postfix.RsPostfixTemplateProvider" builtin="org.rust.ide.template.postfix.ElseExpressionPostfixTemplate#.else" />
    <template id="org.rust.ide.template.postfix.IterPostfixTemplate#.iter" key=".piter" provider="org.rust.ide.template.postfix.RsPostfixTemplateProvider" builtin="org.rust.ide.template.postfix.IterPostfixTemplate#.iter" />
    <template id="org.rust.ide.template.postfix.WhileNotExpressionPostfixTemplate#.whilenot" key=".whin" provider="org.rust.ide.template.postfix.RsPostfixTemplateProvider" builtin="org.rust.ide.template.postfix.WhileNotExpressionPostfixTemplate#.whilenot" />
    <template id="org.rust.ide.template.postfix.RefPostfixTemplate#.ref" key=".re" provider="org.rust.ide.template.postfix.RsPostfixTemplateProvider" builtin="org.rust.ide.template.postfix.RefPostfixTemplate#.ref" />
    <template id="org.rust.ide.template.postfix.LambdaPostfixTemplate#.lambda" key=".lam" provider="org.rust.ide.template.postfix.RsPostfixTemplateProvider" builtin="org.rust.ide.template.postfix.LambdaPostfixTemplate#.lambda" />
    <template id="org.rust.ide.template.postfix.RefmPostfixTemplate#.refm" key=".rem" provider="org.rust.ide.template.postfix.RsPostfixTemplateProvider" builtin="org.rust.ide.template.postfix.RefmPostfixTemplate#.refm" />
  </component>
</application>