<application>
  <component name="AppStorage">
    <histories>
      <item value="Check Palindrome List" />
      <item value="Unary Func" />
      <item value="Coerce Unsized" />
      <item value="// Indicate to Weaks that they can't be promoted by decrementing // the strong count, and then remove the implicit &quot;strong weak&quot; // pointer while also handling drop logic by just crafting a // fake Weak." />
      <item value="chrono" />
      <item value="/// If an `Err(e)` result is returned, the value `e` will be &quot;wrapped&quot; /// in the return type of the enclosing scope (which must itself implement /// `Try`). Specifically, the value `X::from_error(From::from(e))` /// is returned, where `X` is the return type of the enclosing function." />
      <item value="/// value `t`. A return of `Err(e)` means that execution should branch /// to the innermost enclosing `catch`, or return from the function." />
      <item value="/// A trait for customizing the behavior of the `?` operator. /// /// A type implementing `Try` is one that has a canonical way to view it /// in terms of a success/failure dichotomy. This trait allows both /// extracting those success or failure values from an existing instance and /// creating a new instance from a success or failure value." />
      <item value="/// Calculates the offset from a pointer. /// /// This is implemented as an intrinsic to avoid converting to and from an /// integer, since the conversion would throw away aliasing information. /// /// # Safety /// /// Both the starting and resulting pointer must be either in bounds or one /// byte past the end of an allocated object. If either pointer is out of /// bounds or arithmetic overflow occurs then any further use of the /// returned value will result in undefined behavior." />
      <item value="/// Calculates the offset from a pointer." />
      <item value="intrinsics" />
      <item value="/// derived from it. If you need to mutate the contents of the slice, use [`as_mut_ptr`]." />
      <item value="mutate" />
      <item value="derived" />
      <item value="/// The caller must ensure that the vector outlives the pointer this /// function returns, or else it will end up pointing to garbage." />
      <item value="outlives" />
      <item value="overlapping" />
      <item value="pedantic" />
      <item value="FATAL ERROR" />
      <item value="ident" />
      <item value="derive" />
      <item value="variance" />
      <item value="consequences" />
      <item value="pending" />
      <item value="from nanos" />
      <item value="from micros" />
      <item value="from millis" />
      <item value="codegen" />
      <item value="pessimizing" />
      <item value="Unwraps" />
      <item value="since" />
      <item value="persists" />
      <item value="Disposes" />
      <item value="Borrow Flag" />
      <item value="Cell" />
      <item value="pathological program" />
      <item value="pathological" />
      <item value="underflow" />
      <item value="be enough `Ref`s or `RefMut`s in existence to overflow half of the `usize`" />
      <item value="`Ref` and `RefMut` are both two words in size, and so there will likely never" />
      <item value="writing borrow" />
      <item value="writing" />
      <item value="_" />
      <item value="spawn" />
      <item value="variant" />
      <item value="wrapped" />
      <item value="Immutably" />
      <item value="access" />
      <item value="aliasing" />
      <item value="alias" />
    </histories>
    <option name="languageScores">
      <map>
        <entry key="CHINESE" value="114" />
        <entry key="ENGLISH" value="120" />
        <entry key="SWEDISH" value="1" />
      </map>
    </option>
  </component>
  <component name="Settings">
    <option name="baiduTranslateSettings">
      <app-key>
        <option name="appId" value="20190608000305805" />
        <option name="appKeyConfigured" value="true" />
        <option name="primaryLanguage" value="CHINESE" />
      </app-key>
    </option>
    <option name="ignoreRegExp" value="" />
    <option name="overrideFont" value="true" />
    <option name="primaryFontFamily" value="SauceCodePro Nerd Font" />
    <option name="translator" value="fanyi.baidu" />
    <option name="youdaoTranslateSettings">
      <youdao-translate>
        <option name="appId" value="AA403089A9F8D5FB66712AEE7D5B7353" />
        <option name="appKeyConfigured" value="true" />
      </youdao-translate>
    </option>
  </component>
</application>