<profile version="1.0">
  <option name="myName" value="AlanDing prefer-Inspections" />
  <inspection_tool class="PyInterpreterInspection" enabled="false" level="WARNING" enabled_by_default="false" />
  <inspection_tool class="PyPep8Inspection" enabled="true" level="WEAK WARNING" enabled_by_default="true">
    <option name="ignoredErrors">
      <list>
        <option value="E302" />
        <option value="W292" />
        <option value="E722" />
        <option value="E101" />
        <option value="W391" />
      </list>
    </option>
  </inspection_tool>
  <inspection_tool class="PyPep8NamingInspection" enabled="true" level="WEAK WARNING" enabled_by_default="true">
    <option name="ignoredErrors">
      <list>
        <option value="N802" />
        <option value="N803" />
        <option value="N806" />
      </list>
    </option>
  </inspection_tool>
  <inspection_tool class="PyStubPackagesAdvertiser" enabled="true" level="WARNING" enabled_by_default="true">
    <option name="ignoredPackages">
      <list>
        <option value="pyspark" />
      </list>
    </option>
  </inspection_tool>
  <inspection_tool class="PyUnresolvedReferencesInspection" enabled="true" level="WARNING" enabled_by_default="true">
    <option name="ignoredIdentifiers">
      <list>
        <option value="Datastructure.self" />
        <option value="pyspark" />
      </list>
    </option>
  </inspection_tool>
</profile>