<application>
  <component name="libraryTable">
    <library name="java">
      <CLASSES />
      <JAVADOC />
      <SOURCES>
        <root url="file://$JAVA_HOME$/src/java.base" />
        <root url="file://$JAVA_HOME$/src/java.compiler" />
        <root url="file://$JAVA_HOME$/src/java.datatransfer" />
        <root url="file://$JAVA_HOME$/src/java.desktop" />
        <root url="file://$JAVA_HOME$/src/java.instrument" />
        <root url="file://$JAVA_HOME$/src/java.logging" />
        <root url="file://$JAVA_HOME$/src/java.management" />
        <root url="file://$JAVA_HOME$/src/java.management.rmi" />
        <root url="file://$JAVA_HOME$/src/java.naming" />
        <root url="file://$JAVA_HOME$/src/java.net.http" />
        <root url="file://$JAVA_HOME$/src/java.prefs" />
        <root url="file://$JAVA_HOME$/src/java.rmi" />
        <root url="file://$JAVA_HOME$/src/java.scripting" />
        <root url="file://$JAVA_HOME$/src/java.security.jgss" />
        <root url="file://$JAVA_HOME$/src/java.security.sasl" />
        <root url="file://$JAVA_HOME$/src/java.smartcardio" />
        <root url="file://$JAVA_HOME$/src/java.sql" />
        <root url="file://$JAVA_HOME$/src/java.sql.rowset" />
        <root url="file://$JAVA_HOME$/src/java.transaction.xa" />
        <root url="file://$JAVA_HOME$/src/java.xml" />
        <root url="file://$JAVA_HOME$/src/java.xml.crypto" />
        <root url="file://$JAVA_HOME$/src/jdk.accessibility" />
        <root url="file://$JAVA_HOME$/src/jdk.aot/jdk.tools.jaotc.binformat/src" />
        <root url="file://$JAVA_HOME$/src/jdk.aot/jdk.tools.jaotc.test/src" />
        <root url="file://$JAVA_HOME$/src/jdk.aot/jdk.tools.jaotc/src" />
        <root url="file://$JAVA_HOME$/src/jdk.attach" />
        <root url="file://$JAVA_HOME$/src/jdk.charsets" />
        <root url="file://$JAVA_HOME$/src/jdk.compiler" />
        <root url="file://$JAVA_HOME$/src/jdk.crypto.cryptoki" />
        <root url="file://$JAVA_HOME$/src/jdk.crypto.ec" />
        <root url="file://$JAVA_HOME$/src/jdk.crypto.mscapi" />
        <root url="file://$JAVA_HOME$/src/jdk.dynalink" />
        <root url="file://$JAVA_HOME$/src/jdk.editpad" />
        <root url="file://$JAVA_HOME$/src/jdk.hotspot.agent" />
        <root url="file://$JAVA_HOME$/src/jdk.httpserver" />
        <root url="file://$JAVA_HOME$/src/jdk.internal.ed" />
        <root url="file://$JAVA_HOME$/src/jdk.internal.jvmstat" />
        <root url="file://$JAVA_HOME$/src/jdk.internal.le" />
        <root url="file://$JAVA_HOME$/src/jdk.internal.opt" />
        <root url="file://$JAVA_HOME$/src/jdk.internal.vm.ci/jdk.vm.ci.aarch64/src" />
        <root url="file://$JAVA_HOME$/src/jdk.internal.vm.ci/jdk.vm.ci.amd64/src" />
        <root url="file://$JAVA_HOME$/src/jdk.internal.vm.ci/jdk.vm.ci.code/src" />
        <root url="file://$JAVA_HOME$/src/jdk.internal.vm.ci/jdk.vm.ci.common/src" />
        <root url="file://$JAVA_HOME$/src/jdk.internal.vm.ci/jdk.vm.ci.hotspot.aarch64/src" />
        <root url="file://$JAVA_HOME$/src/jdk.internal.vm.ci/jdk.vm.ci.hotspot.amd64/src" />
        <root url="file://$JAVA_HOME$/src/jdk.internal.vm.ci/jdk.vm.ci.hotspot.sparc/src" />
        <root url="file://$JAVA_HOME$/src/jdk.internal.vm.ci/jdk.vm.ci.hotspot/src" />
        <root url="file://$JAVA_HOME$/src/jdk.internal.vm.ci/jdk.vm.ci.meta/src" />
        <root url="file://$JAVA_HOME$/src/jdk.internal.vm.ci/jdk.vm.ci.runtime/src" />
        <root url="file://$JAVA_HOME$/src/jdk.internal.vm.ci/jdk.vm.ci.services/src" />
        <root url="file://$JAVA_HOME$/src/jdk.internal.vm.ci/jdk.vm.ci.sparc/src" />
        <root url="file://$JAVA_HOME$/src/jdk.internal.vm.compiler" />
        <root url="file://$JAVA_HOME$/src/jdk.internal.vm.compiler.management/org.graalvm.compiler.hotspot.management/src" />
        <root url="file://$JAVA_HOME$/src/jdk.jartool" />
        <root url="file://$JAVA_HOME$/src/jdk.javadoc" />
        <root url="file://$JAVA_HOME$/src/jdk.jcmd" />
        <root url="file://$JAVA_HOME$/src/jdk.jconsole" />
        <root url="file://$JAVA_HOME$/src/jdk.jdeps" />
        <root url="file://$JAVA_HOME$/src/jdk.jdi" />
        <root url="file://$JAVA_HOME$/src/jdk.jfr" />
        <root url="file://$JAVA_HOME$/src/jdk.jlink" />
        <root url="file://$JAVA_HOME$/src/jdk.jshell" />
        <root url="file://$JAVA_HOME$/src/jdk.jsobject" />
        <root url="file://$JAVA_HOME$/src/jdk.jstatd" />
        <root url="file://$JAVA_HOME$/src/jdk.localedata" />
        <root url="file://$JAVA_HOME$/src/jdk.management" />
        <root url="file://$JAVA_HOME$/src/jdk.management.agent" />
        <root url="file://$JAVA_HOME$/src/jdk.management.jfr" />
        <root url="file://$JAVA_HOME$/src/jdk.naming.dns" />
        <root url="file://$JAVA_HOME$/src/jdk.naming.rmi" />
        <root url="file://$JAVA_HOME$/src/jdk.net" />
        <root url="file://$JAVA_HOME$/src/jdk.rmic" />
        <root url="file://$JAVA_HOME$/src/jdk.scripting.nashorn" />
        <root url="file://$JAVA_HOME$/src/jdk.scripting.nashorn.shell" />
        <root url="file://$JAVA_HOME$/src/jdk.sctp" />
        <root url="file://$JAVA_HOME$/src/jdk.security.auth" />
        <root url="file://$JAVA_HOME$/src/jdk.security.jgss" />
        <root url="file://$JAVA_HOME$/src/jdk.unsupported" />
        <root url="file://$JAVA_HOME$/src/jdk.unsupported.desktop" />
        <root url="file://$JAVA_HOME$/src/jdk.xml.dom" />
        <root url="file://$JAVA_HOME$/src/jdk.zipfs" />
      </SOURCES>
    </library>
    <library name="Python 3.6 interpreter library">
      <CLASSES>
        <root url="file://D:/devtools/python/Anaconda3/DLLs" />
        <root url="file://D:/devtools/python/Anaconda3/Lib" />
        <root url="file://D:/devtools/python/Anaconda3" />
        <root url="file://D:/devtools/python/Anaconda3/Lib/site-packages" />
        <root url="file://D:/devtools/python/Anaconda3/Lib/site-packages/win32" />
        <root url="file://D:/devtools/python/Anaconda3/Lib/site-packages/win32/lib" />
        <root url="file://D:/devtools/python/Anaconda3/Lib/site-packages/pythonwin" />
        <root url="file://$USER_HOME$/.IdeaIC2019.1/system/python_stubs/-248899894" />
        <root url="file://$APPLICATION_PLUGINS_DIR$/python-ce/helpers/python-skeletons" />
        <root url="file://$APPLICATION_PLUGINS_DIR$/python-ce/helpers/typeshed/stdlib/3" />
        <root url="file://$APPLICATION_PLUGINS_DIR$/python-ce/helpers/typeshed/stdlib/2and3" />
        <root url="file://$APPLICATION_PLUGINS_DIR$/python-ce/helpers/typeshed/third_party/3" />
        <root url="file://$APPLICATION_PLUGINS_DIR$/python-ce/helpers/typeshed/third_party/2and3" />
      </CLASSES>
      <JAVADOC />
      <SOURCES>
        <root url="file://D:/devtools/python/Anaconda3/DLLs" />
        <root url="file://D:/devtools/python/Anaconda3/Lib" />
        <root url="file://D:/devtools/python/Anaconda3" />
        <root url="file://D:/devtools/python/Anaconda3/Lib/site-packages" />
        <root url="file://D:/devtools/python/Anaconda3/Lib/site-packages/win32" />
        <root url="file://D:/devtools/python/Anaconda3/Lib/site-packages/win32/lib" />
        <root url="file://D:/devtools/python/Anaconda3/Lib/site-packages/pythonwin" />
        <root url="file://$USER_HOME$/.IdeaIC2019.1/system/python_stubs/-248899894" />
        <root url="file://$APPLICATION_PLUGINS_DIR$/python-ce/helpers/python-skeletons" />
        <root url="file://$APPLICATION_PLUGINS_DIR$/python-ce/helpers/typeshed/stdlib/3" />
        <root url="file://$APPLICATION_PLUGINS_DIR$/python-ce/helpers/typeshed/stdlib/2and3" />
        <root url="file://$APPLICATION_PLUGINS_DIR$/python-ce/helpers/typeshed/third_party/3" />
        <root url="file://$APPLICATION_PLUGINS_DIR$/python-ce/helpers/typeshed/third_party/2and3" />
      </SOURCES>
    </library>
    <library name="scala-sdk-2.12.8" type="Scala">
      <properties>
        <compiler-classpath>
          <root url="file://D:/devtools/scala/scala-2.12.8/lib/scala-compiler.jar" />
          <root url="file://D:/devtools/scala/scala-2.12.8/lib/scala-library.jar" />
          <root url="file://D:/devtools/scala/scala-2.12.8/lib/scala-reflect.jar" />
        </compiler-classpath>
      </properties>
      <CLASSES>
        <root url="jar://D:/devtools/scala/scala-2.12.8/lib/scala-library.jar!/" />
        <root url="jar://D:/devtools/scala/scala-2.12.8/lib/scala-parser-combinators_2.12-1.0.7.jar!/" />
        <root url="jar://D:/devtools/scala/scala-2.12.8/lib/scala-reflect.jar!/" />
        <root url="jar://D:/devtools/scala/scala-2.12.8/lib/scala-swing_2.12-2.0.3.jar!/" />
        <root url="jar://D:/devtools/scala/scala-2.12.8/lib/scala-xml_2.12-1.0.6.jar!/" />
      </CLASSES>
      <JAVADOC>
        <root url="http://www.scala-lang.org/api/2.12.8/" />
      </JAVADOC>
      <SOURCES />
    </library>
  </component>
</application>