<application>
  <component name="AppInspectionProfilesVisibleTreeState">
    <entry key="AlanDing prefer-Inspections">
      <profile-state>
        <expanded-state>
          <State />
        </expanded-state>
        <selected-state>
          <State>
            <id>BashSupport</id>
          </State>
        </selected-state>
      </profile-state>
    </entry>
  </component>
  <component name="PropertiesComponent">
    <property name="FileTemplates.SelectedTemplate" value="HTML File" />
    <property name="InstalledPluginsSearchHistory" value="rainbow" />
    <property name="KEYMAP" value="mypy&#10;python console&#10;run" />
    <property name="PyCharm.InitialConfiguration" value="true" />
    <property name="PyCharm.InitialConfiguration.V2" value="true" />
    <property name="PyCharm.InitialConfiguration.V3" value="true" />
    <property name="PyCharm.InitialConfiguration.V4" value="true" />
    <property name="PyCharm.InitialConfiguration.V5" value="true" />
    <property name="PyCharm.InitialConfiguration.V6" value="true" />
    <property name="PyCharm.InitialConfiguration.V7" value="true" />
    <property name="PyCharm.initialConfigurationShown" value="true" />
    <property name="SettingsSearchHistory" value="line" />
    <property name="TrendingPluginsSearchHistory" value="rainbow&#10;ran&#10;mypy&#10;vim&#10;pylint" />
    <property name="export.settings.path" value="C:\Users\Administrator\.PyCharmCE2018.3\config\win10-pycharm-settings.zip" />
    <property name="file.chooser.recent.files" value="C:/DevTools/cmder/vendor/git-for-windows/bin/bash.exe&#10;D:/devtools/python/Anaconda3/envs/py36/Scripts/mypy.exe&#10;C:/Users/Administrator/vimfiles/extools/conf/pylint.conf&#10;D:/devtools/python/Anaconda3/envs/py36/Scripts/pylint.exe&#10;E:/图片收藏夹/壁纸/鬼刀/1.jpg&#10;F:/4_exercise/Python-projects/pycharm/wordcount&#10;E:/win-software/IT-tools/ide/JetB setting/win10-idea-settings.zip" />
    <property name="file.gist.reindex.count" value="18488" />
    <property name="fileTypeChangedCounter" value="1" />
    <property name="idea.background.editor" value="E:\图片收藏夹\壁纸\鬼刀\1.jpg,20,scale,center" />
    <property name="ideavim.statistics.timestamp" value="1556323241180" />
    <property name="org.intellij.images.editor.actions.BackgroundImageDialog#recent" value="" />
    <property name="settings.code.style.selected.tab.EditorConfig" value="Spaces" />
    <property name="settings.code.style.selected.tab.Python" value="Tabs and Indents" />
  </component>
  <component name="PyTestFrameworkService">
    <option name="SDK_TO_PYTEST">
      <map>
        <entry key="D:/devtools/python/Anaconda3/envs/py36/python.exe" value="true" />
      </map>
    </option>
  </component>
</application>