<application>
  <component name="TemplateSettings">
    <option name="deletedKeys">
      <list>
        <TemplateKey>
          <option name="groupName" value="scala" />
          <option name="key" value="itr" />
        </TemplateKey>
        <TemplateKey>
          <option name="groupName" value="scala" />
          <option name="key" value="itry" />
        </TemplateKey>
        <TemplateKey>
          <option name="groupName" value="scala" />
          <option name="key" value="priv" />
        </TemplateKey>
        <TemplateKey>
          <option name="groupName" value="Python" />
          <option name="key" value="super" />
        </TemplateKey>
      </list>
    </option>
  </component>
</application>