<application>
  <component name="VimSettings">
    <state version="4" enabled="true" />
    <globalmarks />
    <filemarks>
      <file name="/start_script.py" timestamp="1556323606168">
        <mark key="[" line="0" column="0" />
      </file>
      <file name="/Dummy.txt" timestamp="1556323576960">
        <mark key="[" line="0" column="0" />
      </file>
      <file name="/Python Console" timestamp="1556323888420">
        <mark key="[" line="0" column="0" />
      </file>
      <file name="F:/4_exercise/Python-projects/pycharm/wordcount/mytest.py" timestamp="1556326339477">
        <mark key="[" line="14" column="0" />
        <mark key="]" line="14" column="0" />
        <mark key="." line="14" column="0" />
      </file>
    </filemarks>
    <jumps />
    <registers>
      <register name="1" type="2">
        <text encoding="base64">Cg==</text>
      </register>
      <register name=":" type="4">
        <text>w</text>
      </register>
    </registers>
    <search>
      <last-dir>0</last-dir>
      <show-last>false</show-last>
    </search>
    <history>
      <history-search />
      <history-cmd>
        <entry>w</entry>
      </history-cmd>
      <history-expr />
      <history-input />
    </history>
    <shortcut-conflicts>
      <shortcut-conflict owner="ide">
        <text>ctrl pressed 2</text>
      </shortcut-conflict>
    </shortcut-conflicts>
  </component>
</application>