<profile version="1.0">
  <option name="myName" value="AlanDing prefer-Inspections" />
  <inspection_tool class="Eslint" enabled="true" level="WARNING" enabled_by_default="true" />
  <inspection_tool class="PyCompatibilityInspection" enabled="true" level="WARNING" enabled_by_default="true">
    <option name="ourVersions">
      <value>
        <list size="2">
          <item index="0" class="java.lang.String" itemvalue="2.7" />
          <item index="1" class="java.lang.String" itemvalue="3.8" />
        </list>
      </value>
    </option>
  </inspection_tool>
  <inspection_tool class="PyInterpreterInspection" enabled="false" level="WARNING" enabled_by_default="false" />
  <inspection_tool class="PyPep8Inspection" enabled="true" level="WEAK WARNING" enabled_by_default="true">
    <option name="ignoredErrors">
      <list>
        <option value="E302" />
        <option value="W292" />
        <option value="E722" />
        <option value="E101" />
        <option value="E265" />
      </list>
    </option>
  </inspection_tool>
  <inspection_tool class="PyPep8NamingInspection" enabled="true" level="WEAK WARNING" enabled_by_default="true">
    <option name="ignoredErrors">
      <list>
        <option value="N802" />
        <option value="N803" />
        <option value="N806" />
      </list>
    </option>
  </inspection_tool>
  <inspection_tool class="PyShadowingBuiltinsInspection" enabled="true" level="WEAK WARNING" enabled_by_default="true">
    <option name="ignoredNames">
      <list>
        <option value="dir" />
      </list>
    </option>
  </inspection_tool>
  <inspection_tool class="PyUnresolvedReferencesInspection" enabled="true" level="WARNING" enabled_by_default="true">
    <option name="ignoredIdentifiers">
      <list>
        <option value="Datastructure.self" />
        <option value="pyspark" />
      </list>
    </option>
  </inspection_tool>
  <inspection_tool class="Pylint" enabled="true" level="WARNING" enabled_by_default="true" />
  <inspection_tool class="Stylelint" enabled="true" level="ERROR" enabled_by_default="true" />
  <inspection_tool class="TsLint" enabled="true" level="WARNING" enabled_by_default="true" />
</profile>