<application>
  <component name="libraryTable">
    <library name="Python 3.7 (py37) interpreter library">
      <CLASSES>
        <root url="file://$USER_HOME$/software/anaconda3/envs/py37/lib/python3.7" />
        <root url="file://$USER_HOME$/software/anaconda3/envs/py37/lib/python3.7/lib-dynload" />
        <root url="file://$USER_HOME$/software/anaconda3/envs/py37/lib/python3.7/site-packages" />
        <root url="file://$USER_HOME$/software/anaconda3/envs/py37/lib/python3.7/site-packages/Keras-2.2.4-py3.7.egg" />
        <root url="file://$USER_HOME$/software/anaconda3/envs/py37/lib/python3.7/site-packages/line_profiler-2.1.1-py3.7-linux-x86_64.egg" />
        <root url="file://$USER_HOME$/.IntelliJIdea2019.3/system/python_stubs/1980168372" />
        <root url="file://$APPLICATION_PLUGINS_DIR$/python/helpers/python-skeletons" />
        <root url="file://$APPLICATION_PLUGINS_DIR$/python/helpers/typeshed/stdlib/3" />
        <root url="file://$APPLICATION_PLUGINS_DIR$/python/helpers/typeshed/stdlib/2and3" />
        <root url="file://$APPLICATION_PLUGINS_DIR$/python/helpers/typeshed/third_party/3" />
        <root url="file://$APPLICATION_PLUGINS_DIR$/python/helpers/typeshed/third_party/2and3" />
      </CLASSES>
      <JAVADOC />
      <SOURCES>
        <root url="file://$USER_HOME$/software/anaconda3/envs/py37/lib/python3.7" />
        <root url="file://$USER_HOME$/software/anaconda3/envs/py37/lib/python3.7/lib-dynload" />
        <root url="file://$USER_HOME$/software/anaconda3/envs/py37/lib/python3.7/site-packages" />
        <root url="file://$USER_HOME$/software/anaconda3/envs/py37/lib/python3.7/site-packages/Keras-2.2.4-py3.7.egg" />
        <root url="file://$USER_HOME$/software/anaconda3/envs/py37/lib/python3.7/site-packages/line_profiler-2.1.1-py3.7-linux-x86_64.egg" />
        <root url="file://$USER_HOME$/.IntelliJIdea2019.3/system/python_stubs/1980168372" />
        <root url="file://$APPLICATION_PLUGINS_DIR$/python/helpers/python-skeletons" />
        <root url="file://$APPLICATION_PLUGINS_DIR$/python/helpers/typeshed/stdlib/3" />
        <root url="file://$APPLICATION_PLUGINS_DIR$/python/helpers/typeshed/stdlib/2and3" />
        <root url="file://$APPLICATION_PLUGINS_DIR$/python/helpers/typeshed/third_party/3" />
        <root url="file://$APPLICATION_PLUGINS_DIR$/python/helpers/typeshed/third_party/2and3" />
      </SOURCES>
    </library>
    <library name="scala-sdk-2.12.8" type="Scala">
      <properties>
        <compiler-classpath>
          <root url="file:///opt/lang-tools/scala/scala/lib/scala-library.jar" />
          <root url="file:///opt/lang-tools/scala/scala/lib/scala-reflect.jar" />
          <root url="file:///opt/lang-tools/scala/scala/lib/scala-compiler.jar" />
        </compiler-classpath>
      </properties>
      <CLASSES>
        <root url="jar:///opt/lang-tools/scala/scala/lib/scala-library.jar!/" />
        <root url="jar:///opt/lang-tools/scala/scala/lib/scala-xml_2.12-1.0.6.jar!/" />
        <root url="jar:///opt/lang-tools/scala/scala/lib/scala-parser-combinators_2.12-1.0.7.jar!/" />
        <root url="jar:///opt/lang-tools/scala/scala/lib/scala-reflect.jar!/" />
        <root url="jar:///opt/lang-tools/scala/scala/lib/scala-swing_2.12-2.0.3.jar!/" />
      </CLASSES>
      <JAVADOC>
        <root url="https://www.scala-lang.org/api/2.12.8/" />
      </JAVADOC>
      <SOURCES />
    </library>
    <library name="scala-sdk-2.13.0" type="Scala">
      <properties>
        <language-level>Scala_2_13</language-level>
        <compiler-classpath>
          <root url="file:///opt/lang-tools/scala/scala-2.13/lib/scala-library.jar" />
          <root url="file:///opt/lang-tools/scala/scala-2.13/lib/scala-reflect.jar" />
          <root url="file:///opt/lang-tools/scala/scala-2.13/lib/scala-compiler.jar" />
        </compiler-classpath>
      </properties>
      <CLASSES>
        <root url="jar:///opt/lang-tools/scala/scala-2.13/lib/scala-library.jar!/" />
        <root url="jar:///opt/lang-tools/scala/scala-2.13/lib/scala-reflect.jar!/" />
      </CLASSES>
      <JAVADOC>
        <root url="https://www.scala-lang.org/api/2.13.0/" />
      </JAVADOC>
      <SOURCES />
    </library>
  </component>
</application>