<application>
  <component name="FileTypeManager" version="17">
    <ignoreFiles list="*$py.class;*.hprof;*.iml;*.mp4;*.pyc;*.pyo;*.rbc;*.yarb;*~;.DS_Store;.classpath;.ensime*;.factorypath;.git;.hg;.idea;.ipynb*__pycache__;.mvn;.project;.settings;.svn;.vscode;CVS;_svn;ensime-langserver.log;ensime.sbt;pc.stdout.log;vssver.scc;vssver2.scc;" />
    <extensionMap>
      <mapping ext="gradle.kts" type="Kotlin" />
      <mapping pattern=".part-00000.crc" type="PLAIN_TEXT" />
      <mapping pattern=".part-00003.crc" type="PLAIN_TEXT" />
      <mapping pattern=".part-00001.crc" type="PLAIN_TEXT" />
      <mapping pattern="._SUCCESS.crc" type="PLAIN_TEXT" />
      <mapping pattern=".part-00002.crc" type="PLAIN_TEXT" />
      <mapping pattern="part-00001" type="PLAIN_TEXT" />
      <mapping pattern="_SUCCESS" type="PLAIN_TEXT" />
      <mapping pattern="3" type="Python" />
    </extensionMap>
  </component>
</application>