<application>
  <component name="ParameterNameHintsSettings">
    <blacklists>
      <blacklist language="TypeScript" />
      <blacklist language="Java">
        <added pattern="java.util.concurrent.ThreadPoolExecutor.ThreadPoolExecutor(corePoolSize,maximumPoolSize,keepAliveTime,unit,workQueue)" />
        <added pattern="org.springframework.context.support.ClassPathXmlApplicationContext.ClassPathXmlApplicationContext(configLocation)" />
        <added pattern="com.baomidou.mybatisplus.core.conditions.interfaces.Func.inSql(column,inValue)" />
        <added pattern="com.baomidou.mybatisplus.core.conditions.interfaces.Join.apply(applySql,value)" />
        <added pattern="com.baomidou.mybatisplus.core.conditions.AbstractWrapper.like(condition,column,val)" />
        <added pattern="com.baomidou.mybatisplus.extension.plugins.pagination.Page.Page(current,size)" />
        <added pattern="com.baomidou.mybatisplus.extension.plugins.pagination.Page.Page(current,size,isSearchCount)" />
        <added pattern="com.baomidou.mybatisplus.core.handlers.MetaObjectHandler.setInsertFieldValByName(fieldName,fieldVal,metaObject)" />
        <added pattern="com.baomidou.mybatisplus.core.handlers.MetaObjectHandler.setUpdateFieldValByName(fieldName,fieldVal,metaObject)" />
        <added pattern="org.apache.hadoop.hbase.client.Admin.getNamespaceDescriptor(s)" />
        <added pattern="org.apache.hadoop.hbase.HColumnDescriptor.HColumnDescriptor(familyName)" />
        <added pattern="com.alanding.hbase.TestHbaseAPI_1.toBytes(string)" />
        <added pattern="com.alanding.hbase.TestHbaseAPI_2.toBytes(string)" />
        <added pattern="org.apache.hadoop.hbase.mapreduce.TableMapReduceUtil.initTableReducerJob(table,reducer,job)" />
        <added pattern="org.apache.hadoop.hbase.mapreduce.TableMapReduceUtil.initTableMapperJob(table,scan,mapper,outputKeyClass,outputValueClass,job)" />
        <added pattern="org.apache.hadoop.mapreduce.Job.waitForCompletion(verbose)" />
        <added pattern="com.alanding.hbase.TestHbaseAPI_4_scan_filter.toBytes(string)" />
        <added pattern="org.apache.hadoop.hbase.filter.RegexStringComparator.RegexStringComparator(expr)" />
        <added pattern="org.apache.hadoop.fs.Path.Path(pathString)" />
        <added pattern="java.lang.String.split(regex)" />
        <added pattern="com.alanding.util.HBaseUtil.toBytes(string)" />
        <added pattern="com.alanding.util.HBaseUtil.genRegionNum(regionCount)" />
        <added pattern="com.alanding.hbase.TestHbaseAPI_5_prepartition.toBytes(string)" />
      </blacklist>
      <blacklist language="Scala">
        <added pattern="org.apache.spark.sql.SparkSession.Builder.appName(name)" />
        <added pattern="org.apache.spark.sql.DataFrameReader.textFile(path)" />
        <added pattern="org.apache.spark.sql.Dataset.map(func,evidence$6)" />
        <added pattern="java.lang.String.split(regex)" />
        <added pattern="org.apache.spark.rdd.PairRDDFunctions.reduceByKey(func)" />
        <added pattern="org.apache.spark.sql.SparkSession.Builder.master(master)" />
        <added pattern="finance.currencies.Converter.convert(money,to)" />
        <added pattern="finance.currencies.Charge.chargeInUSD(money)" />
        <added pattern="finance.currencies.Money.Money(amount,currency)" />
        <added pattern="org.springframework.web.client.RestTemplate.postForObject(url,request,responseType,uriVariables)" />
        <added pattern="org.springframework.web.client.RestTemplate.getForObject(url,responseType,uriVariables)" />
        <added pattern="org.apache.spark.rdd.RDD.saveAsTextFile(path)" />
        <added pattern="org.apache.spark.SparkContext.SparkContext(config)" />
        <added pattern="org.apache.spark.SparkContext.textFile(path,minPartitions)" />
        <added pattern="org.apache.spark.SparkContext.makeRDD(seq,numSlices,evidence$2)" />
        <added pattern="org.apache.spark.SparkContext.parallelize(seq,numSlices,evidence$1)" />
        <added pattern="org.apache.spark.rdd.RDD.sample(withReplacement,fraction,seed)" />
        <added pattern="com.alanding.bigdata.MyPartitioner.MyPartitioner(partitions)" />
        <added pattern="org.apache.spark.rdd.PairRDDFunctions.partitionBy(partitioner)" />
        <added pattern="org.apache.spark.rdd.PairRDDFunctions.aggregateByKey(zeroValue,seqOp,combOp,evidence$3)" />
        <added pattern="org.apache.spark.rdd.PairRDDFunctions.foldByKey(zeroValue,func)" />
        <added pattern="org.apache.spark.rdd.JdbcRDD.JdbcRDD(sc,getConnection,sql,lowerBound,upperBound,numPartitions,mapRow,evidence$1)" />
        <added pattern="java.lang.Class.forName(className)" />
        <added pattern="java.sql.DriverManager.getConnection(url,user,password)" />
        <added pattern="org.apache.spark.SparkContext.newAPIHadoopRDD(conf,fClass,kClass,vClass)" />
        <added pattern="com.alanding.bigdata.Spark19_HBase.getHbaseRDD(sc,tableName)" />
        <added pattern="org.apache.hadoop.hbase.client.Put.Put(row)" />
        <added pattern="org.apache.hadoop.hbase.client.Put.addColumn(family,qualifier,value)" />
        <added pattern="org.apache.hadoop.hbase.io.ImmutableBytesWritable.ImmutableBytesWritable(bytes)" />
        <added pattern="com.alanding.bigdata.Spark19_HBase.insertToHBase(dataRDD,tableName,keyFamily,column)" />
        <added pattern="org.apache.spark.sql.SparkSession.sql(sqlText)" />
        <added pattern="org.apache.spark.sql.Dataset.createOrReplaceTempView(viewName)" />
        <added pattern="org.apache.spark.sql.types.StructType.add(name,dataType)" />
        <added pattern="org.apache.spark.sql.UDFRegistration.register(name,udaf)" />
        <added pattern="org.apache.spark.streaming.Seconds.apply(seconds)" />
        <added pattern="org.apache.spark.streaming.StreamingContext.this(conf,batchDuration)" />
        <added pattern="org.apache.spark.streaming.StreamingContext.socketTextStream(hostname,port,storageLevel)" />
        <added pattern="org.apache.spark.streaming.dstream.PairDStreamFunctions.reduceByKey(reduceFunc)" />
        <added pattern="org.apache.spark.streaming.dstream.DStream.window(windowDuration,slideDuration)" />
        <added pattern="org.apache.spark.streaming.dstream.DStream.flatMap(flatMapFunc,evidence$3)" />
        <added pattern="org.apache.spark.streaming.dstream.DStream.map(mapFunc,evidence$2)" />
        <added pattern="org.apache.flink.api.scala.ExecutionEnvironment.readTextFile(filePath,charsetName)" />
      </blacklist>
      <blacklist language="JavaScript" />
      <blacklist language="Groovy" />
      <blacklist language="Kotlin">
        <added pattern="org.springframework.web.bind.annotation.PathVariable(value,name,required)" />
        <added pattern="org.springframework.web.bind.annotation.GetMapping(value,name,path,params,headers,consumes,produces)" />
        <added pattern="org.springframework.web.bind.annotation.PostMapping(value,name,path,params,headers,consumes,produces)" />
        <added pattern="org.springframework.web.client.RestTemplate.getForObject(url,responseType,uriVariables)" />
        <added pattern="org.springframework.web.client.RestTemplate.postForObject(url,request,responseType,uriVariables)" />
      </blacklist>
    </blacklists>
    <option id="scala.apply.update.hint" value="true" />
    <option id="scala.references.names.hint" value="true" />
  </component>
</application>