<application>
  <component name="PostfixTemplates">
    <template id="org.jetbrains.plugins.scala.lang.completion.postfix.templates.ScalaListPostfixTemplate#.List" key=".list" provider="org.jetbrains.plugins.scala.lang.completion.postfix.ScalaPostfixTemplateProvider" builtin="org.jetbrains.plugins.scala.lang.completion.postfix.templates.ScalaListPostfixTemplate#.List" />
    <template id="org.jetbrains.plugins.scala.lang.completion.postfix.templates.ScalaSeqPostfixTemplate#.Seq" key=".seq" provider="org.jetbrains.plugins.scala.lang.completion.postfix.ScalaPostfixTemplateProvider" builtin="org.jetbrains.plugins.scala.lang.completion.postfix.templates.ScalaSeqPostfixTemplate#.Seq" />
    <template id="org.jetbrains.plugins.scala.lang.completion.postfix.templates.ScalaIntroduceVariablePostfixTemplate#.var" key=".val" provider="org.jetbrains.plugins.scala.lang.completion.postfix.ScalaPostfixTemplateProvider" builtin="org.jetbrains.plugins.scala.lang.completion.postfix.templates.ScalaIntroduceVariablePostfixTemplate#.var" />
    <template id="org.jetbrains.plugins.scala.lang.completion.postfix.templates.ScalaIsNullPostfixTemplate#.null" key=".en" provider="org.jetbrains.plugins.scala.lang.completion.postfix.ScalaPostfixTemplateProvider" builtin="org.jetbrains.plugins.scala.lang.completion.postfix.templates.ScalaIsNullPostfixTemplate#.null" />
    <template id="org.jetbrains.plugins.scala.lang.completion.postfix.templates.ScalaPrintlnPostfixTemplate#.prtln" key=".prl" provider="org.jetbrains.plugins.scala.lang.completion.postfix.ScalaPostfixTemplateProvider" builtin="org.jetbrains.plugins.scala.lang.completion.postfix.templates.ScalaPrintlnPostfixTemplate#.prtln" />
    <template id="org.jetbrains.plugins.scala.lang.completion.postfix.templates.ScalaOptionPostfixTemplate#.Option" key=".op" provider="org.jetbrains.plugins.scala.lang.completion.postfix.ScalaPostfixTemplateProvider" builtin="org.jetbrains.plugins.scala.lang.completion.postfix.templates.ScalaOptionPostfixTemplate#.Option" />
    <template id="com.intellij.codeInsight.template.postfix.templates.IntroduceFieldPostfixTemplate#.field" key=".f" provider="builtin.java" builtin="com.intellij.codeInsight.template.postfix.templates.IntroduceFieldPostfixTemplate#.field" />
    <template id="lambda" key=".lam" provider="builtin.java" builtin="lambda" language-level="8" topmost="false">
      <conditions />
      <template name="fakeKey" value="() -&gt; $EXPR$" description="" toReformat="true" toShortenFQNames="true" />
    </template>
    <template id="com.intellij.codeInsight.template.postfix.templates.TryWithResourcesPostfixTemplate#.twr" key=".with" provider="builtin.java" builtin="com.intellij.codeInsight.template.postfix.templates.TryWithResourcesPostfixTemplate#.twr" />
    <template id="fori" key=".rang" provider="builtin.java" builtin="fori" />
    <template id="com.intellij.codeInsight.template.postfix.templates.StreamPostfixTemplate#.stream" key=".str" provider="builtin.java" builtin="com.intellij.codeInsight.template.postfix.templates.StreamPostfixTemplate#.stream" />
    <template id="synchronized" key=".syn" provider="builtin.java" builtin="synchronized" language-level="1.3" topmost="true">
      <conditions>
        <condition id="notPrimitive" />
      </conditions>
      <template name="fakeKey" value="synchronized ($EXPR$) {&#10;$END$&#10;}" description="" toReformat="true" toShortenFQNames="true" />
    </template>
    <template id="throw" key=".thr" provider="builtin.java" builtin="throw" language-level="1.3" topmost="true">
      <conditions>
        <condition id="fqn" fqn="java.lang.Throwable" />
      </conditions>
      <template name="fakeKey" value="throw $EXPR$;$END$" description="" toReformat="true" toShortenFQNames="true" />
    </template>
    <template id="com.intellij.codeInsight.template.postfix.templates.IsNullCheckPostfixTemplate#.null" key=".en" provider="builtin.java" builtin="com.intellij.codeInsight.template.postfix.templates.IsNullCheckPostfixTemplate#.null" />
    <template id="soutv" key=".prl" provider="builtin.java" builtin="soutv" />
    <template id="com.intellij.codeInsight.template.postfix.templates.IntroduceVariablePostfixTemplate#.var" key=".val" provider="builtin.java" builtin="com.intellij.codeInsight.template.postfix.templates.IntroduceVariablePostfixTemplate#.var" />
    <template id="forr" key=".rev" provider="builtin.java" builtin="forr" />
    <template id="reqnonnull" key=".reqnn" provider="builtin.java" builtin="reqnonnull" language-level="7" topmost="true">
      <conditions>
        <condition id="notPrimitive" />
      </conditions>
      <template name="fakeKey" value="java.util.Objects.requireNonNull($EXPR$)" description="" toReformat="true" toShortenFQNames="true" />
    </template>
    <template id="serr" key=".err" provider="builtin.java" builtin="serr" language-level="1.3" topmost="false">
      <conditions>
        <condition id="non void" />
      </conditions>
      <template name="fakeKey" value="System.err.println($EXPR$);$END$" description="" toReformat="true" toShortenFQNames="true" />
    </template>
    <template id="for" key=".fori" provider="builtin.java" builtin="for" />
    <template id="com.intellij.codeInsight.template.postfix.templates.SwitchStatementPostfixTemplate#.switch" key=".swi" provider="builtin.java" builtin="com.intellij.codeInsight.template.postfix.templates.SwitchStatementPostfixTemplate#.switch" />
  </component>
  <component name="PostfixTemplatesSettings">
    <option name="providerToDisabledTemplates">
      <disabled-templates provider="de.endrullis.idea.postfixtemplates.languages.java.JavaPostfixTemplateProvider">
        <value>
          <set>
            <option value="de.endrullis.idea.postfixtemplates.languages.java.CustomJavaStringPostfixTemplate#.val" />
            <option value="de.endrullis.idea.postfixtemplates.languages.java.CustomJavaStringPostfixTemplate#.vall" />
          </set>
        </value>
      </disabled-templates>
      <disabled-templates provider="de.plushnikov.intellij.plugin.extension.postfix.LombokPostfixTemplateProvider">
        <value>
          <set>
            <option value="de.plushnikov.intellij.plugin.extension.postfix.LombokValPostfixTemplate#.val" />
          </set>
        </value>
      </disabled-templates>
    </option>
  </component>
</application>