<application>
  <component name="AppStorage">
    <histories>
      <item value="poolable Size" />
      <item value="/** Total available memory is the sum of nonPooledAvailableMemory and the number of byte buffers in free * poolableSize. */" />
      <item value="Sensor" />
      <item value="* Constructs an empty array deque with an initial capacity * sufficient to hold 16 elements." />
      <item value="Array Deque" />
      <item value="fetch" />
      <item value="has Undrained" />
      <item value="* Marks keys retrieved via `get` as used. This is needed because `Configurable.configure` takes a `Map` instead * of an `AbstractConfig` and we can't change that without breaking public API like `Partitioner`." />
      <item value="* to the cluster. Failure to close the producer after use will leak these resources." />
      <item value="Coll" />
      <item value="traversable" />
      <item value="tandem" />
      <item value="strip Margin" />
      <item value="explode" />
      <item value="* Running take requires moving data into the application's driver process, and doing so with * a very large `n` can crash the driver process with OutOfMemoryError." />
      <item value="underlying" />
      <item value="polymorphism" />
      <item value="Columnar Row" />
      <item value="@inline def implicitly[T](implicit e: T) = e // for summoning implicit values from the nether world -- TODO: when dependent method types are on by default, give this result type `e.type`, so that inliner has better chance of knowing which method to inline in calls like `implicitly[MatchingStrategy[Option]].zero`" />
      <item value="Ternary Expression" />
      <item value="is Canonicalized Plan" />
      <item value="* The base class for physical operators. * * The naming convention is that physical operators end with &quot;Exec&quot; suffix, e.g. [[ProjectExec]]." />
      <item value="* The naming convention is that physical operators end with &quot;Exec&quot; suffix, e.g. [[ProjectExec]]." />
      <item value="Query Execution" />
      <item value="* A non-concrete data type, reserved for internal uses." />
      <item value="expr Enc" />
      <item value="verify Column Name Of Corrupt Record" />
      <item value="schema" />
      <item value="* Clean the given closure in place. * * More specifically, this renders the given closure serializable as long as it does not * explicitly reference unserializable objects." />
      <item value="/** Prepends a single element to this buffer and returns * the identity of the buffer. It takes time linear in * the buffer size." />
      <item value="coalesce" />
      <item value="topology Info_" />
      <item value="Zoo Keeper Leader Election Agent" />
      <item value="Leader Latch" />
      <item value="Curator Framework" />
      <item value="revoked Leadership" />
      <item value="elected Leader" />
      <item value="resilient" />
      <item value="output Commit Coordinator" />
      <item value="* Returns the signum function of the specified {@code int} value. (The * return value is -1 if the specified value is negative; 0 if the * specified value is zero; and 1 if the specified value is positive.)" />
      <item value="Spark Firehose Listener" />
      <item value="task Attempts" />
      <item value="speculative" />
      <item value="dequeue Task" />
      <item value="task Locality" />
      <item value="resource Offers" />
      <item value="inclusive" />
      <item value="tabulate" />
      <item value="equiv" />
      <item value="* Contextual information about a task which can be read or mutated during * execution. To access the TaskContext for a running task, use:" />
    </histories>
    <option name="languageScores">
      <map>
        <entry key="CHINESE" value="396" />
        <entry key="ENGLISH" value="397" />
        <entry key="DANISH" value="3" />
        <entry key="FRENCH" value="1" />
        <entry key="FINNISH" value="1" />
        <entry key="SWEDISH" value="2" />
        <entry key="SPANISH" value="1" />
        <entry key="HUNGARIAN" value="4" />
        <entry key="ITALIAN" value="4" />
      </map>
    </option>
  </component>
  <component name="Settings">
    <option name="baiduTranslateSettings">
      <app-key>
        <option name="appId" value="20190608000305805" />
        <option name="appKeyConfigured" value="true" />
        <option name="primaryLanguage" value="CHINESE" />
      </app-key>
    </option>
    <option name="ignoreRegExp" value="" />
    <option name="overrideFont" value="true" />
    <option name="primaryFontFamily" value="SauceCodePro Nerd Font Mono" />
    <option name="translator" value="fanyi.baidu" />
    <option name="youdaoTranslateSettings">
      <youdao-translate>
        <option name="appKeyConfigured" value="true" />
      </youdao-translate>
    </option>
  </component>
</application>