<application>
  <component name="ProjectManager">
    <defaultProject>
      <component name="CodeInsightWorkspaceSettings">
        <option name="optimizeImportsOnTheFly" value="true" />
      </component>
      <component name="Encoding" defaultCharsetForPropertiesFiles="UTF-8">
        <file url="PROJECT" charset="UTF-8" />
      </component>
      <component name="InspectionProjectProfileManager">
        <option name="PROJECT_PROFILE" value="AlanDing prefer-Inspections" />
        <option name="USE_PROJECT_PROFILE" value="false" />
        <version value="1.0" />
      </component>
      <component name="MarkdownProjectSettings" wasCopied="true">
        <PreviewSettings splitEditorLayout="SPLIT" splitEditorPreview="PREVIEW" useGrayscaleRendering="false" zoomFactor="1.25" maxImageWidth="0" showGitHubPageIfSynced="false" allowBrowsingInPreview="false" synchronizePreviewPosition="true" highlightPreviewType="NONE" highlightFadeOut="5" highlightOnTyping="true" synchronizeSourcePosition="true" verticallyAlignSourceAndPreviewSyncPosition="true" showSearchHighlightsInPreview="false" showSelectionInPreview="true" openRemoteLinks="false" replaceUnicodeEmoji="false" lastLayoutSetsDefault="false">
          <PanelProvider>
            <provider providerId="com.vladsch.idea.multimarkdown.editor.swing.html.panel" providerName="Default - Swing" />
          </PanelProvider>
        </PreviewSettings>
        <ParserSettings gitHubSyntaxChange="false" emojiShortcuts="1" emojiImages="0">
          <PegdownExtensions>
            <option name="ABBREVIATIONS" value="false" />
            <option name="ANCHORLINKS" value="true" />
            <option name="ASIDE" value="false" />
            <option name="ATXHEADERSPACE" value="true" />
            <option name="AUTOLINKS" value="true" />
            <option name="DEFINITIONS" value="false" />
            <option name="DEFINITION_BREAK_DOUBLE_BLANK_LINE" value="false" />
            <option name="FENCED_CODE_BLOCKS" value="true" />
            <option name="FOOTNOTES" value="false" />
            <option name="HARDWRAPS" value="false" />
            <option name="HTML_DEEP_PARSER" value="false" />
            <option name="INSERTED" value="false" />
            <option name="QUOTES" value="false" />
            <option name="RELAXEDHRULES" value="true" />
            <option name="SMARTS" value="false" />
            <option name="STRIKETHROUGH" value="true" />
            <option name="SUBSCRIPT" value="false" />
            <option name="SUPERSCRIPT" value="false" />
            <option name="SUPPRESS_HTML_BLOCKS" value="false" />
            <option name="SUPPRESS_INLINE_HTML" value="false" />
            <option name="TABLES" value="true" />
            <option name="TASKLISTITEMS" value="true" />
            <option name="TOC" value="false" />
            <option name="WIKILINKS" value="false" />
          </PegdownExtensions>
          <ParserOptions>
            <option name="ADMONITION_EXT" value="false" />
            <option name="ATTRIBUTES_EXT" value="false" />
            <option name="COMMONMARK_LISTS" value="true" />
            <option name="DUMMY" value="false" />
            <option name="EMOJI_SHORTCUTS" value="true" />
            <option name="ENUMERATED_REFERENCES_EXT" value="false" />
            <option name="FLEXMARK_FRONT_MATTER" value="false" />
            <option name="GFM_LOOSE_BLANK_LINE_AFTER_ITEM_PARA" value="false" />
            <option name="GFM_TABLE_RENDERING" value="true" />
            <option name="GITBOOK_URL_ENCODING" value="false" />
            <option name="GITHUB_LISTS" value="false" />
            <option name="GITHUB_WIKI_LINKS" value="false" />
            <option name="GITLAB_EXT" value="false" />
            <option name="GITLAB_MATH_EXT" value="false" />
            <option name="GITLAB_MERMAID_EXT" value="false" />
            <option name="HEADER_ID_NON_ASCII_TO_LOWERCASE" value="false" />
            <option name="HEADER_ID_NO_DUPED_DASHES" value="false" />
            <option name="JEKYLL_FRONT_MATTER" value="false" />
            <option name="MACROS_EXT" value="false" />
            <option name="NO_TEXT_ATTRIBUTES" value="false" />
            <option name="PARSE_HTML_ANCHOR_ID" value="false" />
            <option name="SIM_TOC_BLANK_LINE_SPACER" value="true" />
          </ParserOptions>
        </ParserSettings>
        <HtmlSettings headerTopEnabled="false" headerBottomEnabled="false" bodyTopEnabled="false" bodyBottomEnabled="false" embedUrlContent="false" addPageHeader="true" embedImages="false" embedHttpImages="false" imageUriSerials="false" addDocTypeHtml="true" noParaTags="false">
          <GeneratorProvider>
            <provider providerId="com.vladsch.idea.multimarkdown.editor.swing.html.generator" providerName="Default Swing HTML Generator" />
          </GeneratorProvider>
          <headerTop />
          <headerBottom />
          <bodyTop />
          <bodyBottom />
        </HtmlSettings>
        <CssSettings previewScheme="UI_SCHEME" cssUri="" isCssUriEnabled="false" isCssUriSerial="true" isCssTextEnabled="false" isDynamicPageWidth="true">
          <StylesheetProvider>
            <provider providerId="com.vladsch.idea.multimarkdown.editor.swing.html.css" providerName="Default Swing Stylesheet" />
          </StylesheetProvider>
          <ScriptProviders />
          <cssText />
          <cssUriHistory />
        </CssSettings>
        <HtmlExportSettings updateOnSave="false" parentDir="" targetDir="" cssDir="" scriptDir="" plainHtml="false" imageDir="" copyLinkedImages="false" imageUniquifyType="0" targetPathType="2" targetExt="" useTargetExt="false" noCssNoScripts="false" useElementStyleAttribute="false" linkToExportedHtml="true" exportOnSettingsChange="true" regenerateOnProjectOpen="false" linkFormatType="HTTP_ABSOLUTE" />
        <LinkMapSettings>
          <textMaps />
        </LinkMapSettings>
      </component>
      <component name="MavenImportPreferences">
        <option name="generalSettings">
          <MavenGeneralSettings>
            <option name="localRepository" value="E:\linux系统安装\systembackup\repo\m2\repository" />
            <option name="mavenHome" value="D:/devtools/java/apache-maven-3.6.0" />
            <option name="userSettingsFile" value="C:\Users\hasee\.m2\settings.xml" />
          </MavenGeneralSettings>
        </option>
        <option name="importingSettings">
          <MavenImportingSettings>
            <option name="downloadDocsAutomatically" value="true" />
            <option name="importAutomatically" value="true" />
            <option name="jdkForImporter" value="#JAVA_HOME" />
            <option name="vmOptionsForImporter" value="-Xmx768m" />
          </MavenImportingSettings>
        </option>
      </component>
      <component name="MavenRunner">
        <option name="jreName" value="#JAVA_HOME" />
        <option name="vmOptions" value="-Dfile.encoding=UTF8 -Xms128m -Xmx512M -Duser.language=zh -Xss2M -XX:+CMSClassUnloadingEnabled" />
      </component>
      <component name="ProjectDictionaryState">
        <dictionary name="alanding" />
        <dictionary name="hasee" />
      </component>
      <component name="ProjectInspectionProfilesVisibleTreeState">
        <entry key="Project Default">
          <profile-state>
            <expanded-state>
              <State />
            </expanded-state>
            <selected-state>
              <State>
                <id>Buildout</id>
              </State>
            </selected-state>
          </profile-state>
        </entry>
      </component>
      <component name="ProjectRootManager" version="2" languageLevel="JDK_11" project-jdk-name="11" project-jdk-type="JavaSDK" />
      <component name="PropertiesComponent">
        <property name="Downloaded.Files.Path.Enabled" value="false" />
        <property name="Repository.Attach.Annotations" value="false" />
        <property name="Repository.Attach.JavaDocs" value="false" />
        <property name="Repository.Attach.Sources" value="false" />
        <property name="last_opened_file_path" value="D:/devtools/java/jdk12" />
        <property name="project.structure.last.edited" value="Global Libraries" />
        <property name="project.structure.proportion" value="0.15" />
        <property name="project.structure.side.proportion" value="0.3557402" />
        <property name="settings.editor.selected.configurable" value="preferences.sourceCode" />
      </component>
      <component name="PyConsoleOptionsProvider">
        <option name="myPythonConsoleState">
          <console-settings sdk-home="D:/devtools/python/Anaconda3/envs/py36/python.exe">
            <envs>
              <env key="PYSPARK_PYTHON" value="$USER_HOME$/software/anaconda3/envs/py36/bin/python3.6" />
            </envs>
            <option name="mySdkHome" value="D:/devtools/python/Anaconda3/envs/py36/python.exe" />
            <option name="myEnvs">
              <map>
                <entry key="PYSPARK_PYTHON" value="$USER_HOME$/software/anaconda3/envs/py36/bin/python3.6" />
              </map>
            </option>
          </console-settings>
        </option>
        <option name="myUseExistingConsole" value="true" />
      </component>
      <component name="PyDebuggerOptionsProvider">
        <option name="mySaveCallSignatures" value="true" />
      </component>
      <component name="PylintConfigService">
        <option name="customPylintPath" value="$USER_HOME$/software/anaconda3/envs/py36/bin/pylint" />
        <option name="pylintrcPath" value="C:\Users\Administrator\vimfiles\extools\conf\pylint.conf" />
      </component>
      <component name="RemoteRepositoriesConfiguration">
        <remote-repository>
          <option name="id" value="central" />
          <option name="name" value="Maven Central repository" />
          <option name="url" value="https://repo1.maven.org/maven2" />
        </remote-repository>
        <remote-repository>
          <option name="id" value="jboss.community" />
          <option name="name" value="JBoss Community repository" />
          <option name="url" value="https://repository.jboss.org/nexus/content/repositories/public/" />
        </remote-repository>
        <remote-repository>
          <option name="id" value="5a97b875-63db-405a-b6d2-652002217971" />
          <option name="name" value="5a97b875-63db-405a-b6d2-652002217971" />
          <option name="url" value="http://maven.aliyun.com/nexus/content/groups/public" />
        </remote-repository>
      </component>
      <component name="RunDashboard">
        <option name="ruleStates">
          <list>
            <RuleState>
              <option name="name" value="ConfigurationTypeDashboardGroupingRule" />
            </RuleState>
            <RuleState>
              <option name="name" value="StatusDashboardGroupingRule" />
            </RuleState>
          </list>
        </option>
      </component>
      <component name="SbtLocalSettings">
        <option name="projectSyncType">
          <map>
            <entry key="$USER_HOME$/0_Dev/Scala-projects/sbt_build/water" value="PREVIEW" />
            <entry key="$USER_HOME$/0_Exercise/Scala-projects/sbt_build/myspark" value="PREVIEW" />
            <entry key="$USER_HOME$/0_Exercise/Scala-projects/sbt_build/myspark (copy)" value="PREVIEW" />
            <entry key="$USER_HOME$/Exercise/Scala-projects/sbt_build/SBTExampleProject" value="PREVIEW" />
            <entry key="$USER_HOME$/Exercise/Scala-projects/sbt_build/mySpark" value="PREVIEW" />
            <entry key="$USER_HOME$/Exercise/Scala-projects/sbt_build/wordcount" value="PREVIEW" />
          </map>
        </option>
      </component>
      <component name="ScalaProjectSettings">
        <option name="intInjectionMapping">
          <map>
            <entry key="xml" value="XML" />
          </map>
        </option>
        <option name="showImplisitConversions" value="true" />
      </component>
      <component name="ScalaSbtSettings">
        <option name="customLauncherEnabled" value="true" />
        <option name="customLauncherPath" value="/opt/lang-tools/scala/sbt/bin/sbt-launch.jar" />
        <option name="customVMEnabled" value="true" />
        <option name="customVMPath" value="$JAVA_HOME$/jre" />
        <option name="vmParameters" value="-Dsbt.global.base=C:\Users\Administrator\.sbt -Dsbt.boot.directory=C:\Users\Administrator\.sbt\boot -Dsbt.repository.config=C:\Users\Administrator\.sbt\repositories -Dsbt.ivy.home=E:\win-software\IT-tools\repo\scala-pkgs\ivy2 -Dsbt.log.format=true -Dsbt.override.build.repos=true -Dfile.encoding=UTF8 -Xms128m -Xmx512M -Duser.language=zh -Xss2M -XX:+CMSClassUnloadingEnabled" />
      </component>
      <component name="SvnConfiguration">
        <configuration>$USER_HOME$/.subversion</configuration>
      </component>
      <component name="masterDetails">
        <states>
          <state key="GlobalLibrariesConfigurable.UI">
            <settings>
              <last-edited>java</last-edited>
              <splitter-proportions>
                <option name="proportions">
                  <list>
                    <option value="0.3557402" />
                  </list>
                </option>
              </splitter-proportions>
            </settings>
          </state>
          <state key="JdkListConfigurable.UI">
            <settings>
              <last-edited>Python 3.6</last-edited>
              <splitter-proportions>
                <option name="proportions">
                  <list>
                    <option value="0.3557402" />
                  </list>
                </option>
              </splitter-proportions>
            </settings>
          </state>
          <state key="ProjectJDKs.UI">
            <settings>
              <last-edited>Python 3.6</last-edited>
              <splitter-proportions>
                <option name="proportions">
                  <list>
                    <option value="0.2" />
                  </list>
                </option>
              </splitter-proportions>
            </settings>
          </state>
          <state key="ProjectLibrariesConfigurable.UI">
            <settings>
              <last-edited>jdk1.8</last-edited>
              <splitter-proportions>
                <option name="proportions">
                  <list>
                    <option value="0.3557402" />
                  </list>
                </option>
              </splitter-proportions>
            </settings>
          </state>
          <state key="ScopeChooserConfigurable.UI">
            <settings>
              <splitter-proportions>
                <option name="proportions">
                  <list>
                    <option value="0.2" />
                  </list>
                </option>
              </splitter-proportions>
            </settings>
          </state>
        </states>
      </component>
    </defaultProject>
  </component>
</application>