<code_scheme name="AlanDing prefer-Code Style copy" version="173">
  <Python>
    <option name="DICT_ALIGNMENT" value="2" />
    <option name="USE_CONTINUATION_INDENT_FOR_ARGUMENTS" value="true" />
    <option name="USE_CONTINUATION_INDENT_FOR_COLLECTION_AND_COMPREHENSIONS" value="true" />
  </Python>
  <codeStyleSettings language="Python">
    <option name="SPACE_WITHIN_EMPTY_METHOD_CALL_PARENTHESES" value="true" />
    <option name="SPACE_WITHIN_EMPTY_METHOD_PARENTHESES" value="true" />
    <option name="SPACE_BEFORE_METHOD_PARENTHESES" value="true" />
    <indentOptions>
      <option name="USE_TAB_CHARACTER" value="true" />
      <option name="SMART_TABS" value="true" />
    </indentOptions>
  </codeStyleSettings>
</code_scheme>