<application>
  <component name="ExportableFileTemplateSettings">
    <internal_templates>
      <template name="Class.java" reformat="false" live-template-enabled="false" enabled="true" />
      <template name="Interface.java" reformat="false" live-template-enabled="false" enabled="true" />
      <template name="Package Object.scala" reformat="false" live-template-enabled="false" enabled="true" />
      <template name="Python Script.py" reformat="false" live-template-enabled="true" enabled="true" />
      <template name="Scala Class.scala" reformat="false" live-template-enabled="false" enabled="true" />
      <template name="Scala Object.scala" reformat="false" live-template-enabled="false" enabled="true" />
      <template name="Scala Script.scala" reformat="false" live-template-enabled="false" enabled="true" />
      <template name="Scala Trait.scala" reformat="false" live-template-enabled="false" enabled="true" />
    </internal_templates>
  </component>
</application>