<application>
  <component name="NotificationConfiguration">
    <notification groupId=".ignore plugin update information" displayType="NONE" shouldLog="false" />
    <notification groupId="izhangzhihao.rainbow.brackets_UPDATE" displayType="STICKY_BALLOON" shouldLog="false" />
    <notification groupId="Load Error" shouldLog="false" />
    <notification groupId="Scalafmt (Scala plugin)" shouldLog="false" />
    <notification groupId="Translation App Key" displayType="NONE" />
    <notification groupId="Translation Plugin Update" displayType="NONE" shouldLog="false" />
  </component>
</application>