<application>
  <component name="TemplateSettings">
    <option name="deletedKeys">
      <list>
        <TemplateKey>
          <option name="groupName" value="Python" />
          <option name="key" value="super" />
        </TemplateKey>
        <TemplateKey>
          <option name="groupName" value="Python" />
          <option name="key" value="iter" />
        </TemplateKey>
        <TemplateKey>
          <option name="groupName" value="Python" />
          <option name="key" value="compl" />
        </TemplateKey>
        <TemplateKey>
          <option name="groupName" value="Python" />
          <option name="key" value="compli" />
        </TemplateKey>
        <TemplateKey>
          <option name="groupName" value="Python" />
          <option name="key" value="compg" />
        </TemplateKey>
        <TemplateKey>
          <option name="groupName" value="Python" />
          <option name="key" value="compgi" />
        </TemplateKey>
        <TemplateKey>
          <option name="groupName" value="Python" />
          <option name="key" value="comps" />
        </TemplateKey>
        <TemplateKey>
          <option name="groupName" value="Python" />
          <option name="key" value="compsi" />
        </TemplateKey>
        <TemplateKey>
          <option name="groupName" value="Python" />
          <option name="key" value="compd" />
        </TemplateKey>
        <TemplateKey>
          <option name="groupName" value="Python" />
          <option name="key" value="compdi" />
        </TemplateKey>
      </list>
    </option>
  </component>
</application>