<application>
  <component name="PathMacrosImpl">
    <macro name="JAVA_HOME" value="/opt/lang-tools/java/jdk" />
    <macro name="KOTLIN_BUNDLED" value="/opt/ide-tools/idea-IC-191.6183.87/plugins/Kotlin/kotlinc" />
    <macro name="MAVEN_REPOSITORY" value="/mnt/fun+downloads/linux系统安装/systembackup/repo/m2/repository" />
    <macro name="OutputPath" value="/home/alanding/0_Dev/projects/Go-projects" />
    <ignoredMacro name="MESSAGE" />
    <ignoredMacro name="FILE_PATH" />
    <ignoredMacro name="LINE" />
    <ignoredMacro name="COLUMN" />
  </component>
</application>